ParentSKU(必填),SKU（必填）,产品分类,产品标题（必填）,产品描述（必填）,物品状况（必填）,产品品牌,产品材质,尺寸,颜色,库存(必填),零售价,目标价(必填),一口价(必填),拍卖安排费出价,起拍价,来源url,运费(必填),发货地(必填),处理时间(必填),运输重量,快速运输运费（美国）,快速运输时间,附加项目价格,最大日销售量,配件价格,配件描述,主图（URL）地址(必填),附图1（URL）地址,附图2（URL）地址,附图3（URL）地址,附图4（URL）地址,附图5（URL）地址,附图6（URL）地址,附图7（URL）地址
175290464,175290464-S-Red,|,2020 Hot Newest Men Women 3D Print Funny Cartoon Scooby Doo Casual T Hoodie S-5XL,"100% quality product
Neckline shape: Round collar
Sleeve length: Long sleeves
Is it hooded?: Hooded cap
Thickness:Ordinary
Suitable season: Four seasons
Main fabric composition: Polyester fibers (polyester)
Applicable scenario: Any scene
Pattern: as picture
Style details:Printing
Edition type: Loose type
Colour:Multicolor
Size: S,M,L,XL,XXL,XXXL,XXXXL
Tips: Please understand the error of 1-3cm due to manual measurement. Please purchase according to the product description picture and text. Wish you a happy shopping",New,,,S,Red,1000,1,,1,,1,,0.0,China,5,,,,,,17,1Pcs Tan Color Same Size 3D Hoodies,https://images.tophatter.com/78bcb2e126cc7c334eecebbe025c5017/original.jpg,https://images.tophatter.com/f3363d8a32fbe86a68f6fb6f5442cdb7/original.jpg,https://images.tophatter.com/49cda2499867e15edf6e3b379ce93a63/original.jpg,https://images.tophatter.com/9d4b08b7da8c351079fd780fabc5a48f/original.jpg,https://images.tophatter.com/583d7825e09cdb4cd1f9af381f294d51/original.jpg,https://images.tophatter.com/764ca4cac6bcf07b7aa57c845e8f5774/original.jpg,,
175290464,175290464-S-Orange,|,2020 Hot Newest Men Women 3D Print Funny Cartoon Scooby Doo Casual T Hoodie S-5XL,"100% quality product
Neckline shape: Round collar
Sleeve length: Long sleeves
Is it hooded?: Hooded cap
Thickness:Ordinary
Suitable season: Four seasons
Main fabric composition: Polyester fibers (polyester)
Applicable scenario: Any scene
Pattern: as picture
Style details:Printing
Edition type: Loose type
Colour:Multicolor
Size: S,M,L,XL,XXL,XXXL,XXXXL
Tips: Please understand the error of 1-3cm due to manual measurement. Please purchase according to the product description picture and text. Wish you a happy shopping",New,,,S,Orange,1000,1,,1,,1,,0.0,China,5,,,,,,17,1Pcs Tan Color Same Size 3D Hoodies,https://images.tophatter.com/78bcb2e126cc7c334eecebbe025c5017/original.jpg,https://images.tophatter.com/f3363d8a32fbe86a68f6fb6f5442cdb7/original.jpg,https://images.tophatter.com/49cda2499867e15edf6e3b379ce93a63/original.jpg,https://images.tophatter.com/9d4b08b7da8c351079fd780fabc5a48f/original.jpg,https://images.tophatter.com/583d7825e09cdb4cd1f9af381f294d51/original.jpg,https://images.tophatter.com/764ca4cac6bcf07b7aa57c845e8f5774/original.jpg,,
175290464,175290464-S-Yellow,|,2020 Hot Newest Men Women 3D Print Funny Cartoon Scooby Doo Casual T Hoodie S-5XL,"100% quality product
Neckline shape: Round collar
Sleeve length: Long sleeves
Is it hooded?: Hooded cap
Thickness:Ordinary
Suitable season: Four seasons
Main fabric composition: Polyester fibers (polyester)
Applicable scenario: Any scene
Pattern: as picture
Style details:Printing
Edition type: Loose type
Colour:Multicolor
Size: S,M,L,XL,XXL,XXXL,XXXXL
Tips: Please understand the error of 1-3cm due to manual measurement. Please purchase according to the product description picture and text. Wish you a happy shopping",New,,,S,Yellow,1000,1,,1,,1,,0.0,China,5,,,,,,17,1Pcs Tan Color Same Size 3D Hoodies,https://images.tophatter.com/78bcb2e126cc7c334eecebbe025c5017/original.jpg,https://images.tophatter.com/f3363d8a32fbe86a68f6fb6f5442cdb7/original.jpg,https://images.tophatter.com/49cda2499867e15edf6e3b379ce93a63/original.jpg,https://images.tophatter.com/9d4b08b7da8c351079fd780fabc5a48f/original.jpg,https://images.tophatter.com/583d7825e09cdb4cd1f9af381f294d51/original.jpg,https://images.tophatter.com/764ca4cac6bcf07b7aa57c845e8f5774/original.jpg,,
175290464,175290464-S-Black,|,2020 Hot Newest Men Women 3D Print Funny Cartoon Scooby Doo Casual T Hoodie S-5XL,"100% quality product
Neckline shape: Round collar
Sleeve length: Long sleeves
Is it hooded?: Hooded cap
Thickness:Ordinary
Suitable season: Four seasons
Main fabric composition: Polyester fibers (polyester)
Applicable scenario: Any scene
Pattern: as picture
Style details:Printing
Edition type: Loose type
Colour:Multicolor
Size: S,M,L,XL,XXL,XXXL,XXXXL
Tips: Please understand the error of 1-3cm due to manual measurement. Please purchase according to the product description picture and text. Wish you a happy shopping",New,,,S,Black,1000,1,,1,,1,,0.0,China,5,,,,,,17,1Pcs Tan Color Same Size 3D Hoodies,https://images.tophatter.com/78bcb2e126cc7c334eecebbe025c5017/original.jpg,https://images.tophatter.com/f3363d8a32fbe86a68f6fb6f5442cdb7/original.jpg,https://images.tophatter.com/49cda2499867e15edf6e3b379ce93a63/original.jpg,https://images.tophatter.com/9d4b08b7da8c351079fd780fabc5a48f/original.jpg,https://images.tophatter.com/583d7825e09cdb4cd1f9af381f294d51/original.jpg,https://images.tophatter.com/764ca4cac6bcf07b7aa57c845e8f5774/original.jpg,,
175290464,175290464-S-Brown,|,2020 Hot Newest Men Women 3D Print Funny Cartoon Scooby Doo Casual T Hoodie S-5XL,"100% quality product
Neckline shape: Round collar
Sleeve length: Long sleeves
Is it hooded?: Hooded cap
Thickness:Ordinary
Suitable season: Four seasons
Main fabric composition: Polyester fibers (polyester)
Applicable scenario: Any scene
Pattern: as picture
Style details:Printing
Edition type: Loose type
Colour:Multicolor
Size: S,M,L,XL,XXL,XXXL,XXXXL
Tips: Please understand the error of 1-3cm due to manual measurement. Please purchase according to the product description picture and text. Wish you a happy shopping",New,,,S,Brown,1000,1,,1,,1,,0.0,China,5,,,,,,17,1Pcs Tan Color Same Size 3D Hoodies,https://images.tophatter.com/78bcb2e126cc7c334eecebbe025c5017/original.jpg,https://images.tophatter.com/f3363d8a32fbe86a68f6fb6f5442cdb7/original.jpg,https://images.tophatter.com/49cda2499867e15edf6e3b379ce93a63/original.jpg,https://images.tophatter.com/9d4b08b7da8c351079fd780fabc5a48f/original.jpg,https://images.tophatter.com/583d7825e09cdb4cd1f9af381f294d51/original.jpg,https://images.tophatter.com/764ca4cac6bcf07b7aa57c845e8f5774/original.jpg,,
175290464,175290464-S-Tan,|,2020 Hot Newest Men Women 3D Print Funny Cartoon Scooby Doo Casual T Hoodie S-5XL,"100% quality product
Neckline shape: Round collar
Sleeve length: Long sleeves
Is it hooded?: Hooded cap
Thickness:Ordinary
Suitable season: Four seasons
Main fabric composition: Polyester fibers (polyester)
Applicable scenario: Any scene
Pattern: as picture
Style details:Printing
Edition type: Loose type
Colour:Multicolor
Size: S,M,L,XL,XXL,XXXL,XXXXL
Tips: Please understand the error of 1-3cm due to manual measurement. Please purchase according to the product description picture and text. Wish you a happy shopping",New,,,S,Tan,1000,1,,1,,1,,0.0,China,5,,,,,,17,1Pcs Tan Color Same Size 3D Hoodies,https://images.tophatter.com/78bcb2e126cc7c334eecebbe025c5017/original.jpg,https://images.tophatter.com/f3363d8a32fbe86a68f6fb6f5442cdb7/original.jpg,https://images.tophatter.com/49cda2499867e15edf6e3b379ce93a63/original.jpg,https://images.tophatter.com/9d4b08b7da8c351079fd780fabc5a48f/original.jpg,https://images.tophatter.com/583d7825e09cdb4cd1f9af381f294d51/original.jpg,https://images.tophatter.com/764ca4cac6bcf07b7aa57c845e8f5774/original.jpg,,
175290464,175290464-M-Red,|,2020 Hot Newest Men Women 3D Print Funny Cartoon Scooby Doo Casual T Hoodie S-5XL,"100% quality product
Neckline shape: Round collar
Sleeve length: Long sleeves
Is it hooded?: Hooded cap
Thickness:Ordinary
Suitable season: Four seasons
Main fabric composition: Polyester fibers (polyester)
Applicable scenario: Any scene
Pattern: as picture
Style details:Printing
Edition type: Loose type
Colour:Multicolor
Size: S,M,L,XL,XXL,XXXL,XXXXL
Tips: Please understand the error of 1-3cm due to manual measurement. Please purchase according to the product description picture and text. Wish you a happy shopping",New,,,M,Red,1000,1,,1,,1,,0.0,China,5,,,,,,17,1Pcs Tan Color Same Size 3D Hoodies,https://images.tophatter.com/78bcb2e126cc7c334eecebbe025c5017/original.jpg,https://images.tophatter.com/f3363d8a32fbe86a68f6fb6f5442cdb7/original.jpg,https://images.tophatter.com/49cda2499867e15edf6e3b379ce93a63/original.jpg,https://images.tophatter.com/9d4b08b7da8c351079fd780fabc5a48f/original.jpg,https://images.tophatter.com/583d7825e09cdb4cd1f9af381f294d51/original.jpg,https://images.tophatter.com/764ca4cac6bcf07b7aa57c845e8f5774/original.jpg,,
175290464,175290464-M-Orange,|,2020 Hot Newest Men Women 3D Print Funny Cartoon Scooby Doo Casual T Hoodie S-5XL,"100% quality product
Neckline shape: Round collar
Sleeve length: Long sleeves
Is it hooded?: Hooded cap
Thickness:Ordinary
Suitable season: Four seasons
Main fabric composition: Polyester fibers (polyester)
Applicable scenario: Any scene
Pattern: as picture
Style details:Printing
Edition type: Loose type
Colour:Multicolor
Size: S,M,L,XL,XXL,XXXL,XXXXL
Tips: Please understand the error of 1-3cm due to manual measurement. Please purchase according to the product description picture and text. Wish you a happy shopping",New,,,M,Orange,1000,1,,1,,1,,0.0,China,5,,,,,,17,1Pcs Tan Color Same Size 3D Hoodies,https://images.tophatter.com/78bcb2e126cc7c334eecebbe025c5017/original.jpg,https://images.tophatter.com/f3363d8a32fbe86a68f6fb6f5442cdb7/original.jpg,https://images.tophatter.com/49cda2499867e15edf6e3b379ce93a63/original.jpg,https://images.tophatter.com/9d4b08b7da8c351079fd780fabc5a48f/original.jpg,https://images.tophatter.com/583d7825e09cdb4cd1f9af381f294d51/original.jpg,https://images.tophatter.com/764ca4cac6bcf07b7aa57c845e8f5774/original.jpg,,
175290464,175290464-M-Yellow,|,2020 Hot Newest Men Women 3D Print Funny Cartoon Scooby Doo Casual T Hoodie S-5XL,"100% quality product
Neckline shape: Round collar
Sleeve length: Long sleeves
Is it hooded?: Hooded cap
Thickness:Ordinary
Suitable season: Four seasons
Main fabric composition: Polyester fibers (polyester)
Applicable scenario: Any scene
Pattern: as picture
Style details:Printing
Edition type: Loose type
Colour:Multicolor
Size: S,M,L,XL,XXL,XXXL,XXXXL
Tips: Please understand the error of 1-3cm due to manual measurement. Please purchase according to the product description picture and text. Wish you a happy shopping",New,,,M,Yellow,1000,1,,1,,1,,0.0,China,5,,,,,,17,1Pcs Tan Color Same Size 3D Hoodies,https://images.tophatter.com/78bcb2e126cc7c334eecebbe025c5017/original.jpg,https://images.tophatter.com/f3363d8a32fbe86a68f6fb6f5442cdb7/original.jpg,https://images.tophatter.com/49cda2499867e15edf6e3b379ce93a63/original.jpg,https://images.tophatter.com/9d4b08b7da8c351079fd780fabc5a48f/original.jpg,https://images.tophatter.com/583d7825e09cdb4cd1f9af381f294d51/original.jpg,https://images.tophatter.com/764ca4cac6bcf07b7aa57c845e8f5774/original.jpg,,
175290464,175290464-M-Black,|,2020 Hot Newest Men Women 3D Print Funny Cartoon Scooby Doo Casual T Hoodie S-5XL,"100% quality product
Neckline shape: Round collar
Sleeve length: Long sleeves
Is it hooded?: Hooded cap
Thickness:Ordinary
Suitable season: Four seasons
Main fabric composition: Polyester fibers (polyester)
Applicable scenario: Any scene
Pattern: as picture
Style details:Printing
Edition type: Loose type
Colour:Multicolor
Size: S,M,L,XL,XXL,XXXL,XXXXL
Tips: Please understand the error of 1-3cm due to manual measurement. Please purchase according to the product description picture and text. Wish you a happy shopping",New,,,M,Black,1000,1,,1,,1,,0.0,China,5,,,,,,17,1Pcs Tan Color Same Size 3D Hoodies,https://images.tophatter.com/78bcb2e126cc7c334eecebbe025c5017/original.jpg,https://images.tophatter.com/f3363d8a32fbe86a68f6fb6f5442cdb7/original.jpg,https://images.tophatter.com/49cda2499867e15edf6e3b379ce93a63/original.jpg,https://images.tophatter.com/9d4b08b7da8c351079fd780fabc5a48f/original.jpg,https://images.tophatter.com/583d7825e09cdb4cd1f9af381f294d51/original.jpg,https://images.tophatter.com/764ca4cac6bcf07b7aa57c845e8f5774/original.jpg,,
175290464,175290464-M-Brown,|,2020 Hot Newest Men Women 3D Print Funny Cartoon Scooby Doo Casual T Hoodie S-5XL,"100% quality product
Neckline shape: Round collar
Sleeve length: Long sleeves
Is it hooded?: Hooded cap
Thickness:Ordinary
Suitable season: Four seasons
Main fabric composition: Polyester fibers (polyester)
Applicable scenario: Any scene
Pattern: as picture
Style details:Printing
Edition type: Loose type
Colour:Multicolor
Size: S,M,L,XL,XXL,XXXL,XXXXL
Tips: Please understand the error of 1-3cm due to manual measurement. Please purchase according to the product description picture and text. Wish you a happy shopping",New,,,M,Brown,1000,1,,1,,1,,0.0,China,5,,,,,,17,1Pcs Tan Color Same Size 3D Hoodies,https://images.tophatter.com/78bcb2e126cc7c334eecebbe025c5017/original.jpg,https://images.tophatter.com/f3363d8a32fbe86a68f6fb6f5442cdb7/original.jpg,https://images.tophatter.com/49cda2499867e15edf6e3b379ce93a63/original.jpg,https://images.tophatter.com/9d4b08b7da8c351079fd780fabc5a48f/original.jpg,https://images.tophatter.com/583d7825e09cdb4cd1f9af381f294d51/original.jpg,https://images.tophatter.com/764ca4cac6bcf07b7aa57c845e8f5774/original.jpg,,
175290464,175290464-M-Tan,|,2020 Hot Newest Men Women 3D Print Funny Cartoon Scooby Doo Casual T Hoodie S-5XL,"100% quality product
Neckline shape: Round collar
Sleeve length: Long sleeves
Is it hooded?: Hooded cap
Thickness:Ordinary
Suitable season: Four seasons
Main fabric composition: Polyester fibers (polyester)
Applicable scenario: Any scene
Pattern: as picture
Style details:Printing
Edition type: Loose type
Colour:Multicolor
Size: S,M,L,XL,XXL,XXXL,XXXXL
Tips: Please understand the error of 1-3cm due to manual measurement. Please purchase according to the product description picture and text. Wish you a happy shopping",New,,,M,Tan,1000,1,,1,,1,,0.0,China,5,,,,,,17,1Pcs Tan Color Same Size 3D Hoodies,https://images.tophatter.com/78bcb2e126cc7c334eecebbe025c5017/original.jpg,https://images.tophatter.com/f3363d8a32fbe86a68f6fb6f5442cdb7/original.jpg,https://images.tophatter.com/49cda2499867e15edf6e3b379ce93a63/original.jpg,https://images.tophatter.com/9d4b08b7da8c351079fd780fabc5a48f/original.jpg,https://images.tophatter.com/583d7825e09cdb4cd1f9af381f294d51/original.jpg,https://images.tophatter.com/764ca4cac6bcf07b7aa57c845e8f5774/original.jpg,,
175290464,175290464-L-Red,|,2020 Hot Newest Men Women 3D Print Funny Cartoon Scooby Doo Casual T Hoodie S-5XL,"100% quality product
Neckline shape: Round collar
Sleeve length: Long sleeves
Is it hooded?: Hooded cap
Thickness:Ordinary
Suitable season: Four seasons
Main fabric composition: Polyester fibers (polyester)
Applicable scenario: Any scene
Pattern: as picture
Style details:Printing
Edition type: Loose type
Colour:Multicolor
Size: S,M,L,XL,XXL,XXXL,XXXXL
Tips: Please understand the error of 1-3cm due to manual measurement. Please purchase according to the product description picture and text. Wish you a happy shopping",New,,,L,Red,1000,1,,1,,1,,0.0,China,5,,,,,,17,1Pcs Tan Color Same Size 3D Hoodies,https://images.tophatter.com/78bcb2e126cc7c334eecebbe025c5017/original.jpg,https://images.tophatter.com/f3363d8a32fbe86a68f6fb6f5442cdb7/original.jpg,https://images.tophatter.com/49cda2499867e15edf6e3b379ce93a63/original.jpg,https://images.tophatter.com/9d4b08b7da8c351079fd780fabc5a48f/original.jpg,https://images.tophatter.com/583d7825e09cdb4cd1f9af381f294d51/original.jpg,https://images.tophatter.com/764ca4cac6bcf07b7aa57c845e8f5774/original.jpg,,
175290464,175290464-L-Orange,|,2020 Hot Newest Men Women 3D Print Funny Cartoon Scooby Doo Casual T Hoodie S-5XL,"100% quality product
Neckline shape: Round collar
Sleeve length: Long sleeves
Is it hooded?: Hooded cap
Thickness:Ordinary
Suitable season: Four seasons
Main fabric composition: Polyester fibers (polyester)
Applicable scenario: Any scene
Pattern: as picture
Style details:Printing
Edition type: Loose type
Colour:Multicolor
Size: S,M,L,XL,XXL,XXXL,XXXXL
Tips: Please understand the error of 1-3cm due to manual measurement. Please purchase according to the product description picture and text. Wish you a happy shopping",New,,,L,Orange,1000,1,,1,,1,,0.0,China,5,,,,,,17,1Pcs Tan Color Same Size 3D Hoodies,https://images.tophatter.com/78bcb2e126cc7c334eecebbe025c5017/original.jpg,https://images.tophatter.com/f3363d8a32fbe86a68f6fb6f5442cdb7/original.jpg,https://images.tophatter.com/49cda2499867e15edf6e3b379ce93a63/original.jpg,https://images.tophatter.com/9d4b08b7da8c351079fd780fabc5a48f/original.jpg,https://images.tophatter.com/583d7825e09cdb4cd1f9af381f294d51/original.jpg,https://images.tophatter.com/764ca4cac6bcf07b7aa57c845e8f5774/original.jpg,,
175290464,175290464-L-Yellow,|,2020 Hot Newest Men Women 3D Print Funny Cartoon Scooby Doo Casual T Hoodie S-5XL,"100% quality product
Neckline shape: Round collar
Sleeve length: Long sleeves
Is it hooded?: Hooded cap
Thickness:Ordinary
Suitable season: Four seasons
Main fabric composition: Polyester fibers (polyester)
Applicable scenario: Any scene
Pattern: as picture
Style details:Printing
Edition type: Loose type
Colour:Multicolor
Size: S,M,L,XL,XXL,XXXL,XXXXL
Tips: Please understand the error of 1-3cm due to manual measurement. Please purchase according to the product description picture and text. Wish you a happy shopping",New,,,L,Yellow,1000,1,,1,,1,,0.0,China,5,,,,,,17,1Pcs Tan Color Same Size 3D Hoodies,https://images.tophatter.com/78bcb2e126cc7c334eecebbe025c5017/original.jpg,https://images.tophatter.com/f3363d8a32fbe86a68f6fb6f5442cdb7/original.jpg,https://images.tophatter.com/49cda2499867e15edf6e3b379ce93a63/original.jpg,https://images.tophatter.com/9d4b08b7da8c351079fd780fabc5a48f/original.jpg,https://images.tophatter.com/583d7825e09cdb4cd1f9af381f294d51/original.jpg,https://images.tophatter.com/764ca4cac6bcf07b7aa57c845e8f5774/original.jpg,,
175290464,175290464-L-Black,|,2020 Hot Newest Men Women 3D Print Funny Cartoon Scooby Doo Casual T Hoodie S-5XL,"100% quality product
Neckline shape: Round collar
Sleeve length: Long sleeves
Is it hooded?: Hooded cap
Thickness:Ordinary
Suitable season: Four seasons
Main fabric composition: Polyester fibers (polyester)
Applicable scenario: Any scene
Pattern: as picture
Style details:Printing
Edition type: Loose type
Colour:Multicolor
Size: S,M,L,XL,XXL,XXXL,XXXXL
Tips: Please understand the error of 1-3cm due to manual measurement. Please purchase according to the product description picture and text. Wish you a happy shopping",New,,,L,Black,1000,1,,1,,1,,0.0,China,5,,,,,,17,1Pcs Tan Color Same Size 3D Hoodies,https://images.tophatter.com/78bcb2e126cc7c334eecebbe025c5017/original.jpg,https://images.tophatter.com/f3363d8a32fbe86a68f6fb6f5442cdb7/original.jpg,https://images.tophatter.com/49cda2499867e15edf6e3b379ce93a63/original.jpg,https://images.tophatter.com/9d4b08b7da8c351079fd780fabc5a48f/original.jpg,https://images.tophatter.com/583d7825e09cdb4cd1f9af381f294d51/original.jpg,https://images.tophatter.com/764ca4cac6bcf07b7aa57c845e8f5774/original.jpg,,
175290464,175290464-L-Brown,|,2020 Hot Newest Men Women 3D Print Funny Cartoon Scooby Doo Casual T Hoodie S-5XL,"100% quality product
Neckline shape: Round collar
Sleeve length: Long sleeves
Is it hooded?: Hooded cap
Thickness:Ordinary
Suitable season: Four seasons
Main fabric composition: Polyester fibers (polyester)
Applicable scenario: Any scene
Pattern: as picture
Style details:Printing
Edition type: Loose type
Colour:Multicolor
Size: S,M,L,XL,XXL,XXXL,XXXXL
Tips: Please understand the error of 1-3cm due to manual measurement. Please purchase according to the product description picture and text. Wish you a happy shopping",New,,,L,Brown,1000,1,,1,,1,,0.0,China,5,,,,,,17,1Pcs Tan Color Same Size 3D Hoodies,https://images.tophatter.com/78bcb2e126cc7c334eecebbe025c5017/original.jpg,https://images.tophatter.com/f3363d8a32fbe86a68f6fb6f5442cdb7/original.jpg,https://images.tophatter.com/49cda2499867e15edf6e3b379ce93a63/original.jpg,https://images.tophatter.com/9d4b08b7da8c351079fd780fabc5a48f/original.jpg,https://images.tophatter.com/583d7825e09cdb4cd1f9af381f294d51/original.jpg,https://images.tophatter.com/764ca4cac6bcf07b7aa57c845e8f5774/original.jpg,,
175290464,175290464-L-Tan,|,2020 Hot Newest Men Women 3D Print Funny Cartoon Scooby Doo Casual T Hoodie S-5XL,"100% quality product
Neckline shape: Round collar
Sleeve length: Long sleeves
Is it hooded?: Hooded cap
Thickness:Ordinary
Suitable season: Four seasons
Main fabric composition: Polyester fibers (polyester)
Applicable scenario: Any scene
Pattern: as picture
Style details:Printing
Edition type: Loose type
Colour:Multicolor
Size: S,M,L,XL,XXL,XXXL,XXXXL
Tips: Please understand the error of 1-3cm due to manual measurement. Please purchase according to the product description picture and text. Wish you a happy shopping",New,,,L,Tan,1000,1,,1,,1,,0.0,China,5,,,,,,17,1Pcs Tan Color Same Size 3D Hoodies,https://images.tophatter.com/78bcb2e126cc7c334eecebbe025c5017/original.jpg,https://images.tophatter.com/f3363d8a32fbe86a68f6fb6f5442cdb7/original.jpg,https://images.tophatter.com/49cda2499867e15edf6e3b379ce93a63/original.jpg,https://images.tophatter.com/9d4b08b7da8c351079fd780fabc5a48f/original.jpg,https://images.tophatter.com/583d7825e09cdb4cd1f9af381f294d51/original.jpg,https://images.tophatter.com/764ca4cac6bcf07b7aa57c845e8f5774/original.jpg,,
175290464,175290464-XL-Red,|,2020 Hot Newest Men Women 3D Print Funny Cartoon Scooby Doo Casual T Hoodie S-5XL,"100% quality product
Neckline shape: Round collar
Sleeve length: Long sleeves
Is it hooded?: Hooded cap
Thickness:Ordinary
Suitable season: Four seasons
Main fabric composition: Polyester fibers (polyester)
Applicable scenario: Any scene
Pattern: as picture
Style details:Printing
Edition type: Loose type
Colour:Multicolor
Size: S,M,L,XL,XXL,XXXL,XXXXL
Tips: Please understand the error of 1-3cm due to manual measurement. Please purchase according to the product description picture and text. Wish you a happy shopping",New,,,XL,Red,1000,1,,1,,1,,0.0,China,5,,,,,,17,1Pcs Tan Color Same Size 3D Hoodies,https://images.tophatter.com/78bcb2e126cc7c334eecebbe025c5017/original.jpg,https://images.tophatter.com/f3363d8a32fbe86a68f6fb6f5442cdb7/original.jpg,https://images.tophatter.com/49cda2499867e15edf6e3b379ce93a63/original.jpg,https://images.tophatter.com/9d4b08b7da8c351079fd780fabc5a48f/original.jpg,https://images.tophatter.com/583d7825e09cdb4cd1f9af381f294d51/original.jpg,https://images.tophatter.com/764ca4cac6bcf07b7aa57c845e8f5774/original.jpg,,
175290464,175290464-XL-Orange,|,2020 Hot Newest Men Women 3D Print Funny Cartoon Scooby Doo Casual T Hoodie S-5XL,"100% quality product
Neckline shape: Round collar
Sleeve length: Long sleeves
Is it hooded?: Hooded cap
Thickness:Ordinary
Suitable season: Four seasons
Main fabric composition: Polyester fibers (polyester)
Applicable scenario: Any scene
Pattern: as picture
Style details:Printing
Edition type: Loose type
Colour:Multicolor
Size: S,M,L,XL,XXL,XXXL,XXXXL
Tips: Please understand the error of 1-3cm due to manual measurement. Please purchase according to the product description picture and text. Wish you a happy shopping",New,,,XL,Orange,1000,1,,1,,1,,0.0,China,5,,,,,,17,1Pcs Tan Color Same Size 3D Hoodies,https://images.tophatter.com/78bcb2e126cc7c334eecebbe025c5017/original.jpg,https://images.tophatter.com/f3363d8a32fbe86a68f6fb6f5442cdb7/original.jpg,https://images.tophatter.com/49cda2499867e15edf6e3b379ce93a63/original.jpg,https://images.tophatter.com/9d4b08b7da8c351079fd780fabc5a48f/original.jpg,https://images.tophatter.com/583d7825e09cdb4cd1f9af381f294d51/original.jpg,https://images.tophatter.com/764ca4cac6bcf07b7aa57c845e8f5774/original.jpg,,
175290464,175290464-XL-Yellow,|,2020 Hot Newest Men Women 3D Print Funny Cartoon Scooby Doo Casual T Hoodie S-5XL,"100% quality product
Neckline shape: Round collar
Sleeve length: Long sleeves
Is it hooded?: Hooded cap
Thickness:Ordinary
Suitable season: Four seasons
Main fabric composition: Polyester fibers (polyester)
Applicable scenario: Any scene
Pattern: as picture
Style details:Printing
Edition type: Loose type
Colour:Multicolor
Size: S,M,L,XL,XXL,XXXL,XXXXL
Tips: Please understand the error of 1-3cm due to manual measurement. Please purchase according to the product description picture and text. Wish you a happy shopping",New,,,XL,Yellow,1000,1,,1,,1,,0.0,China,5,,,,,,17,1Pcs Tan Color Same Size 3D Hoodies,https://images.tophatter.com/78bcb2e126cc7c334eecebbe025c5017/original.jpg,https://images.tophatter.com/f3363d8a32fbe86a68f6fb6f5442cdb7/original.jpg,https://images.tophatter.com/49cda2499867e15edf6e3b379ce93a63/original.jpg,https://images.tophatter.com/9d4b08b7da8c351079fd780fabc5a48f/original.jpg,https://images.tophatter.com/583d7825e09cdb4cd1f9af381f294d51/original.jpg,https://images.tophatter.com/764ca4cac6bcf07b7aa57c845e8f5774/original.jpg,,
175290464,175290464-XL-Black,|,2020 Hot Newest Men Women 3D Print Funny Cartoon Scooby Doo Casual T Hoodie S-5XL,"100% quality product
Neckline shape: Round collar
Sleeve length: Long sleeves
Is it hooded?: Hooded cap
Thickness:Ordinary
Suitable season: Four seasons
Main fabric composition: Polyester fibers (polyester)
Applicable scenario: Any scene
Pattern: as picture
Style details:Printing
Edition type: Loose type
Colour:Multicolor
Size: S,M,L,XL,XXL,XXXL,XXXXL
Tips: Please understand the error of 1-3cm due to manual measurement. Please purchase according to the product description picture and text. Wish you a happy shopping",New,,,XL,Black,1000,1,,1,,1,,0.0,China,5,,,,,,17,1Pcs Tan Color Same Size 3D Hoodies,https://images.tophatter.com/78bcb2e126cc7c334eecebbe025c5017/original.jpg,https://images.tophatter.com/f3363d8a32fbe86a68f6fb6f5442cdb7/original.jpg,https://images.tophatter.com/49cda2499867e15edf6e3b379ce93a63/original.jpg,https://images.tophatter.com/9d4b08b7da8c351079fd780fabc5a48f/original.jpg,https://images.tophatter.com/583d7825e09cdb4cd1f9af381f294d51/original.jpg,https://images.tophatter.com/764ca4cac6bcf07b7aa57c845e8f5774/original.jpg,,
175290464,175290464-XL-Brown,|,2020 Hot Newest Men Women 3D Print Funny Cartoon Scooby Doo Casual T Hoodie S-5XL,"100% quality product
Neckline shape: Round collar
Sleeve length: Long sleeves
Is it hooded?: Hooded cap
Thickness:Ordinary
Suitable season: Four seasons
Main fabric composition: Polyester fibers (polyester)
Applicable scenario: Any scene
Pattern: as picture
Style details:Printing
Edition type: Loose type
Colour:Multicolor
Size: S,M,L,XL,XXL,XXXL,XXXXL
Tips: Please understand the error of 1-3cm due to manual measurement. Please purchase according to the product description picture and text. Wish you a happy shopping",New,,,XL,Brown,1000,1,,1,,1,,0.0,China,5,,,,,,17,1Pcs Tan Color Same Size 3D Hoodies,https://images.tophatter.com/78bcb2e126cc7c334eecebbe025c5017/original.jpg,https://images.tophatter.com/f3363d8a32fbe86a68f6fb6f5442cdb7/original.jpg,https://images.tophatter.com/49cda2499867e15edf6e3b379ce93a63/original.jpg,https://images.tophatter.com/9d4b08b7da8c351079fd780fabc5a48f/original.jpg,https://images.tophatter.com/583d7825e09cdb4cd1f9af381f294d51/original.jpg,https://images.tophatter.com/764ca4cac6bcf07b7aa57c845e8f5774/original.jpg,,
175290464,175290464-XL-Tan,|,2020 Hot Newest Men Women 3D Print Funny Cartoon Scooby Doo Casual T Hoodie S-5XL,"100% quality product
Neckline shape: Round collar
Sleeve length: Long sleeves
Is it hooded?: Hooded cap
Thickness:Ordinary
Suitable season: Four seasons
Main fabric composition: Polyester fibers (polyester)
Applicable scenario: Any scene
Pattern: as picture
Style details:Printing
Edition type: Loose type
Colour:Multicolor
Size: S,M,L,XL,XXL,XXXL,XXXXL
Tips: Please understand the error of 1-3cm due to manual measurement. Please purchase according to the product description picture and text. Wish you a happy shopping",New,,,XL,Tan,1000,1,,1,,1,,0.0,China,5,,,,,,17,1Pcs Tan Color Same Size 3D Hoodies,https://images.tophatter.com/78bcb2e126cc7c334eecebbe025c5017/original.jpg,https://images.tophatter.com/f3363d8a32fbe86a68f6fb6f5442cdb7/original.jpg,https://images.tophatter.com/49cda2499867e15edf6e3b379ce93a63/original.jpg,https://images.tophatter.com/9d4b08b7da8c351079fd780fabc5a48f/original.jpg,https://images.tophatter.com/583d7825e09cdb4cd1f9af381f294d51/original.jpg,https://images.tophatter.com/764ca4cac6bcf07b7aa57c845e8f5774/original.jpg,,
175290464,175290464-XXL-Red,|,2020 Hot Newest Men Women 3D Print Funny Cartoon Scooby Doo Casual T Hoodie S-5XL,"100% quality product
Neckline shape: Round collar
Sleeve length: Long sleeves
Is it hooded?: Hooded cap
Thickness:Ordinary
Suitable season: Four seasons
Main fabric composition: Polyester fibers (polyester)
Applicable scenario: Any scene
Pattern: as picture
Style details:Printing
Edition type: Loose type
Colour:Multicolor
Size: S,M,L,XL,XXL,XXXL,XXXXL
Tips: Please understand the error of 1-3cm due to manual measurement. Please purchase according to the product description picture and text. Wish you a happy shopping",New,,,XXL,Red,1000,1,,1,,1,,0.0,China,5,,,,,,17,1Pcs Tan Color Same Size 3D Hoodies,https://images.tophatter.com/78bcb2e126cc7c334eecebbe025c5017/original.jpg,https://images.tophatter.com/f3363d8a32fbe86a68f6fb6f5442cdb7/original.jpg,https://images.tophatter.com/49cda2499867e15edf6e3b379ce93a63/original.jpg,https://images.tophatter.com/9d4b08b7da8c351079fd780fabc5a48f/original.jpg,https://images.tophatter.com/583d7825e09cdb4cd1f9af381f294d51/original.jpg,https://images.tophatter.com/764ca4cac6bcf07b7aa57c845e8f5774/original.jpg,,
175290464,175290464-XXL-Orange,|,2020 Hot Newest Men Women 3D Print Funny Cartoon Scooby Doo Casual T Hoodie S-5XL,"100% quality product
Neckline shape: Round collar
Sleeve length: Long sleeves
Is it hooded?: Hooded cap
Thickness:Ordinary
Suitable season: Four seasons
Main fabric composition: Polyester fibers (polyester)
Applicable scenario: Any scene
Pattern: as picture
Style details:Printing
Edition type: Loose type
Colour:Multicolor
Size: S,M,L,XL,XXL,XXXL,XXXXL
Tips: Please understand the error of 1-3cm due to manual measurement. Please purchase according to the product description picture and text. Wish you a happy shopping",New,,,XXL,Orange,1000,1,,1,,1,,0.0,China,5,,,,,,17,1Pcs Tan Color Same Size 3D Hoodies,https://images.tophatter.com/78bcb2e126cc7c334eecebbe025c5017/original.jpg,https://images.tophatter.com/f3363d8a32fbe86a68f6fb6f5442cdb7/original.jpg,https://images.tophatter.com/49cda2499867e15edf6e3b379ce93a63/original.jpg,https://images.tophatter.com/9d4b08b7da8c351079fd780fabc5a48f/original.jpg,https://images.tophatter.com/583d7825e09cdb4cd1f9af381f294d51/original.jpg,https://images.tophatter.com/764ca4cac6bcf07b7aa57c845e8f5774/original.jpg,,
175290464,175290464-XXL-Yellow,|,2020 Hot Newest Men Women 3D Print Funny Cartoon Scooby Doo Casual T Hoodie S-5XL,"100% quality product
Neckline shape: Round collar
Sleeve length: Long sleeves
Is it hooded?: Hooded cap
Thickness:Ordinary
Suitable season: Four seasons
Main fabric composition: Polyester fibers (polyester)
Applicable scenario: Any scene
Pattern: as picture
Style details:Printing
Edition type: Loose type
Colour:Multicolor
Size: S,M,L,XL,XXL,XXXL,XXXXL
Tips: Please understand the error of 1-3cm due to manual measurement. Please purchase according to the product description picture and text. Wish you a happy shopping",New,,,XXL,Yellow,1000,1,,1,,1,,0.0,China,5,,,,,,17,1Pcs Tan Color Same Size 3D Hoodies,https://images.tophatter.com/78bcb2e126cc7c334eecebbe025c5017/original.jpg,https://images.tophatter.com/f3363d8a32fbe86a68f6fb6f5442cdb7/original.jpg,https://images.tophatter.com/49cda2499867e15edf6e3b379ce93a63/original.jpg,https://images.tophatter.com/9d4b08b7da8c351079fd780fabc5a48f/original.jpg,https://images.tophatter.com/583d7825e09cdb4cd1f9af381f294d51/original.jpg,https://images.tophatter.com/764ca4cac6bcf07b7aa57c845e8f5774/original.jpg,,
175290464,175290464-XXL-Black,|,2020 Hot Newest Men Women 3D Print Funny Cartoon Scooby Doo Casual T Hoodie S-5XL,"100% quality product
Neckline shape: Round collar
Sleeve length: Long sleeves
Is it hooded?: Hooded cap
Thickness:Ordinary
Suitable season: Four seasons
Main fabric composition: Polyester fibers (polyester)
Applicable scenario: Any scene
Pattern: as picture
Style details:Printing
Edition type: Loose type
Colour:Multicolor
Size: S,M,L,XL,XXL,XXXL,XXXXL
Tips: Please understand the error of 1-3cm due to manual measurement. Please purchase according to the product description picture and text. Wish you a happy shopping",New,,,XXL,Black,1000,1,,1,,1,,0.0,China,5,,,,,,17,1Pcs Tan Color Same Size 3D Hoodies,https://images.tophatter.com/78bcb2e126cc7c334eecebbe025c5017/original.jpg,https://images.tophatter.com/f3363d8a32fbe86a68f6fb6f5442cdb7/original.jpg,https://images.tophatter.com/49cda2499867e15edf6e3b379ce93a63/original.jpg,https://images.tophatter.com/9d4b08b7da8c351079fd780fabc5a48f/original.jpg,https://images.tophatter.com/583d7825e09cdb4cd1f9af381f294d51/original.jpg,https://images.tophatter.com/764ca4cac6bcf07b7aa57c845e8f5774/original.jpg,,
175290464,175290464-XXL-Brown,|,2020 Hot Newest Men Women 3D Print Funny Cartoon Scooby Doo Casual T Hoodie S-5XL,"100% quality product
Neckline shape: Round collar
Sleeve length: Long sleeves
Is it hooded?: Hooded cap
Thickness:Ordinary
Suitable season: Four seasons
Main fabric composition: Polyester fibers (polyester)
Applicable scenario: Any scene
Pattern: as picture
Style details:Printing
Edition type: Loose type
Colour:Multicolor
Size: S,M,L,XL,XXL,XXXL,XXXXL
Tips: Please understand the error of 1-3cm due to manual measurement. Please purchase according to the product description picture and text. Wish you a happy shopping",New,,,XXL,Brown,1000,1,,1,,1,,0.0,China,5,,,,,,17,1Pcs Tan Color Same Size 3D Hoodies,https://images.tophatter.com/78bcb2e126cc7c334eecebbe025c5017/original.jpg,https://images.tophatter.com/f3363d8a32fbe86a68f6fb6f5442cdb7/original.jpg,https://images.tophatter.com/49cda2499867e15edf6e3b379ce93a63/original.jpg,https://images.tophatter.com/9d4b08b7da8c351079fd780fabc5a48f/original.jpg,https://images.tophatter.com/583d7825e09cdb4cd1f9af381f294d51/original.jpg,https://images.tophatter.com/764ca4cac6bcf07b7aa57c845e8f5774/original.jpg,,
175290464,175290464-XXL-Tan,|,2020 Hot Newest Men Women 3D Print Funny Cartoon Scooby Doo Casual T Hoodie S-5XL,"100% quality product
Neckline shape: Round collar
Sleeve length: Long sleeves
Is it hooded?: Hooded cap
Thickness:Ordinary
Suitable season: Four seasons
Main fabric composition: Polyester fibers (polyester)
Applicable scenario: Any scene
Pattern: as picture
Style details:Printing
Edition type: Loose type
Colour:Multicolor
Size: S,M,L,XL,XXL,XXXL,XXXXL
Tips: Please understand the error of 1-3cm due to manual measurement. Please purchase according to the product description picture and text. Wish you a happy shopping",New,,,XXL,Tan,1000,1,,1,,1,,0.0,China,5,,,,,,17,1Pcs Tan Color Same Size 3D Hoodies,https://images.tophatter.com/78bcb2e126cc7c334eecebbe025c5017/original.jpg,https://images.tophatter.com/f3363d8a32fbe86a68f6fb6f5442cdb7/original.jpg,https://images.tophatter.com/49cda2499867e15edf6e3b379ce93a63/original.jpg,https://images.tophatter.com/9d4b08b7da8c351079fd780fabc5a48f/original.jpg,https://images.tophatter.com/583d7825e09cdb4cd1f9af381f294d51/original.jpg,https://images.tophatter.com/764ca4cac6bcf07b7aa57c845e8f5774/original.jpg,,
175290464,175290464-XXXL-Red,|,2020 Hot Newest Men Women 3D Print Funny Cartoon Scooby Doo Casual T Hoodie S-5XL,"100% quality product
Neckline shape: Round collar
Sleeve length: Long sleeves
Is it hooded?: Hooded cap
Thickness:Ordinary
Suitable season: Four seasons
Main fabric composition: Polyester fibers (polyester)
Applicable scenario: Any scene
Pattern: as picture
Style details:Printing
Edition type: Loose type
Colour:Multicolor
Size: S,M,L,XL,XXL,XXXL,XXXXL
Tips: Please understand the error of 1-3cm due to manual measurement. Please purchase according to the product description picture and text. Wish you a happy shopping",New,,,XXXL,Red,1000,1,,1,,1,,0.0,China,5,,,,,,17,1Pcs Tan Color Same Size 3D Hoodies,https://images.tophatter.com/78bcb2e126cc7c334eecebbe025c5017/original.jpg,https://images.tophatter.com/f3363d8a32fbe86a68f6fb6f5442cdb7/original.jpg,https://images.tophatter.com/49cda2499867e15edf6e3b379ce93a63/original.jpg,https://images.tophatter.com/9d4b08b7da8c351079fd780fabc5a48f/original.jpg,https://images.tophatter.com/583d7825e09cdb4cd1f9af381f294d51/original.jpg,https://images.tophatter.com/764ca4cac6bcf07b7aa57c845e8f5774/original.jpg,,
175290464,175290464-XXXL-Orange,|,2020 Hot Newest Men Women 3D Print Funny Cartoon Scooby Doo Casual T Hoodie S-5XL,"100% quality product
Neckline shape: Round collar
Sleeve length: Long sleeves
Is it hooded?: Hooded cap
Thickness:Ordinary
Suitable season: Four seasons
Main fabric composition: Polyester fibers (polyester)
Applicable scenario: Any scene
Pattern: as picture
Style details:Printing
Edition type: Loose type
Colour:Multicolor
Size: S,M,L,XL,XXL,XXXL,XXXXL
Tips: Please understand the error of 1-3cm due to manual measurement. Please purchase according to the product description picture and text. Wish you a happy shopping",New,,,XXXL,Orange,1000,1,,1,,1,,0.0,China,5,,,,,,17,1Pcs Tan Color Same Size 3D Hoodies,https://images.tophatter.com/78bcb2e126cc7c334eecebbe025c5017/original.jpg,https://images.tophatter.com/f3363d8a32fbe86a68f6fb6f5442cdb7/original.jpg,https://images.tophatter.com/49cda2499867e15edf6e3b379ce93a63/original.jpg,https://images.tophatter.com/9d4b08b7da8c351079fd780fabc5a48f/original.jpg,https://images.tophatter.com/583d7825e09cdb4cd1f9af381f294d51/original.jpg,https://images.tophatter.com/764ca4cac6bcf07b7aa57c845e8f5774/original.jpg,,
175290464,175290464-XXXL-Yellow,|,2020 Hot Newest Men Women 3D Print Funny Cartoon Scooby Doo Casual T Hoodie S-5XL,"100% quality product
Neckline shape: Round collar
Sleeve length: Long sleeves
Is it hooded?: Hooded cap
Thickness:Ordinary
Suitable season: Four seasons
Main fabric composition: Polyester fibers (polyester)
Applicable scenario: Any scene
Pattern: as picture
Style details:Printing
Edition type: Loose type
Colour:Multicolor
Size: S,M,L,XL,XXL,XXXL,XXXXL
Tips: Please understand the error of 1-3cm due to manual measurement. Please purchase according to the product description picture and text. Wish you a happy shopping",New,,,XXXL,Yellow,1000,1,,1,,1,,0.0,China,5,,,,,,17,1Pcs Tan Color Same Size 3D Hoodies,https://images.tophatter.com/78bcb2e126cc7c334eecebbe025c5017/original.jpg,https://images.tophatter.com/f3363d8a32fbe86a68f6fb6f5442cdb7/original.jpg,https://images.tophatter.com/49cda2499867e15edf6e3b379ce93a63/original.jpg,https://images.tophatter.com/9d4b08b7da8c351079fd780fabc5a48f/original.jpg,https://images.tophatter.com/583d7825e09cdb4cd1f9af381f294d51/original.jpg,https://images.tophatter.com/764ca4cac6bcf07b7aa57c845e8f5774/original.jpg,,
175290464,175290464-XXXL-Black,|,2020 Hot Newest Men Women 3D Print Funny Cartoon Scooby Doo Casual T Hoodie S-5XL,"100% quality product
Neckline shape: Round collar
Sleeve length: Long sleeves
Is it hooded?: Hooded cap
Thickness:Ordinary
Suitable season: Four seasons
Main fabric composition: Polyester fibers (polyester)
Applicable scenario: Any scene
Pattern: as picture
Style details:Printing
Edition type: Loose type
Colour:Multicolor
Size: S,M,L,XL,XXL,XXXL,XXXXL
Tips: Please understand the error of 1-3cm due to manual measurement. Please purchase according to the product description picture and text. Wish you a happy shopping",New,,,XXXL,Black,1000,1,,1,,1,,0.0,China,5,,,,,,17,1Pcs Tan Color Same Size 3D Hoodies,https://images.tophatter.com/78bcb2e126cc7c334eecebbe025c5017/original.jpg,https://images.tophatter.com/f3363d8a32fbe86a68f6fb6f5442cdb7/original.jpg,https://images.tophatter.com/49cda2499867e15edf6e3b379ce93a63/original.jpg,https://images.tophatter.com/9d4b08b7da8c351079fd780fabc5a48f/original.jpg,https://images.tophatter.com/583d7825e09cdb4cd1f9af381f294d51/original.jpg,https://images.tophatter.com/764ca4cac6bcf07b7aa57c845e8f5774/original.jpg,,
175290464,175290464-XXXL-Brown,|,2020 Hot Newest Men Women 3D Print Funny Cartoon Scooby Doo Casual T Hoodie S-5XL,"100% quality product
Neckline shape: Round collar
Sleeve length: Long sleeves
Is it hooded?: Hooded cap
Thickness:Ordinary
Suitable season: Four seasons
Main fabric composition: Polyester fibers (polyester)
Applicable scenario: Any scene
Pattern: as picture
Style details:Printing
Edition type: Loose type
Colour:Multicolor
Size: S,M,L,XL,XXL,XXXL,XXXXL
Tips: Please understand the error of 1-3cm due to manual measurement. Please purchase according to the product description picture and text. Wish you a happy shopping",New,,,XXXL,Brown,1000,1,,1,,1,,0.0,China,5,,,,,,17,1Pcs Tan Color Same Size 3D Hoodies,https://images.tophatter.com/78bcb2e126cc7c334eecebbe025c5017/original.jpg,https://images.tophatter.com/f3363d8a32fbe86a68f6fb6f5442cdb7/original.jpg,https://images.tophatter.com/49cda2499867e15edf6e3b379ce93a63/original.jpg,https://images.tophatter.com/9d4b08b7da8c351079fd780fabc5a48f/original.jpg,https://images.tophatter.com/583d7825e09cdb4cd1f9af381f294d51/original.jpg,https://images.tophatter.com/764ca4cac6bcf07b7aa57c845e8f5774/original.jpg,,
175290464,175290464-XXXL-Tan,|,2020 Hot Newest Men Women 3D Print Funny Cartoon Scooby Doo Casual T Hoodie S-5XL,"100% quality product
Neckline shape: Round collar
Sleeve length: Long sleeves
Is it hooded?: Hooded cap
Thickness:Ordinary
Suitable season: Four seasons
Main fabric composition: Polyester fibers (polyester)
Applicable scenario: Any scene
Pattern: as picture
Style details:Printing
Edition type: Loose type
Colour:Multicolor
Size: S,M,L,XL,XXL,XXXL,XXXXL
Tips: Please understand the error of 1-3cm due to manual measurement. Please purchase according to the product description picture and text. Wish you a happy shopping",New,,,XXXL,Tan,1000,1,,1,,1,,0.0,China,5,,,,,,17,1Pcs Tan Color Same Size 3D Hoodies,https://images.tophatter.com/78bcb2e126cc7c334eecebbe025c5017/original.jpg,https://images.tophatter.com/f3363d8a32fbe86a68f6fb6f5442cdb7/original.jpg,https://images.tophatter.com/49cda2499867e15edf6e3b379ce93a63/original.jpg,https://images.tophatter.com/9d4b08b7da8c351079fd780fabc5a48f/original.jpg,https://images.tophatter.com/583d7825e09cdb4cd1f9af381f294d51/original.jpg,https://images.tophatter.com/764ca4cac6bcf07b7aa57c845e8f5774/original.jpg,,
175290464,175290464-4XL-Red,|,2020 Hot Newest Men Women 3D Print Funny Cartoon Scooby Doo Casual T Hoodie S-5XL,"100% quality product
Neckline shape: Round collar
Sleeve length: Long sleeves
Is it hooded?: Hooded cap
Thickness:Ordinary
Suitable season: Four seasons
Main fabric composition: Polyester fibers (polyester)
Applicable scenario: Any scene
Pattern: as picture
Style details:Printing
Edition type: Loose type
Colour:Multicolor
Size: S,M,L,XL,XXL,XXXL,XXXXL
Tips: Please understand the error of 1-3cm due to manual measurement. Please purchase according to the product description picture and text. Wish you a happy shopping",New,,,4XL,Red,1000,1,,1,,1,,0.0,China,5,,,,,,17,1Pcs Tan Color Same Size 3D Hoodies,https://images.tophatter.com/78bcb2e126cc7c334eecebbe025c5017/original.jpg,https://images.tophatter.com/f3363d8a32fbe86a68f6fb6f5442cdb7/original.jpg,https://images.tophatter.com/49cda2499867e15edf6e3b379ce93a63/original.jpg,https://images.tophatter.com/9d4b08b7da8c351079fd780fabc5a48f/original.jpg,https://images.tophatter.com/583d7825e09cdb4cd1f9af381f294d51/original.jpg,https://images.tophatter.com/764ca4cac6bcf07b7aa57c845e8f5774/original.jpg,,
175290464,175290464-4XL-Orange,|,2020 Hot Newest Men Women 3D Print Funny Cartoon Scooby Doo Casual T Hoodie S-5XL,"100% quality product
Neckline shape: Round collar
Sleeve length: Long sleeves
Is it hooded?: Hooded cap
Thickness:Ordinary
Suitable season: Four seasons
Main fabric composition: Polyester fibers (polyester)
Applicable scenario: Any scene
Pattern: as picture
Style details:Printing
Edition type: Loose type
Colour:Multicolor
Size: S,M,L,XL,XXL,XXXL,XXXXL
Tips: Please understand the error of 1-3cm due to manual measurement. Please purchase according to the product description picture and text. Wish you a happy shopping",New,,,4XL,Orange,1000,1,,1,,1,,0.0,China,5,,,,,,17,1Pcs Tan Color Same Size 3D Hoodies,https://images.tophatter.com/78bcb2e126cc7c334eecebbe025c5017/original.jpg,https://images.tophatter.com/f3363d8a32fbe86a68f6fb6f5442cdb7/original.jpg,https://images.tophatter.com/49cda2499867e15edf6e3b379ce93a63/original.jpg,https://images.tophatter.com/9d4b08b7da8c351079fd780fabc5a48f/original.jpg,https://images.tophatter.com/583d7825e09cdb4cd1f9af381f294d51/original.jpg,https://images.tophatter.com/764ca4cac6bcf07b7aa57c845e8f5774/original.jpg,,
175290464,175290464-4XL-Yellow,|,2020 Hot Newest Men Women 3D Print Funny Cartoon Scooby Doo Casual T Hoodie S-5XL,"100% quality product
Neckline shape: Round collar
Sleeve length: Long sleeves
Is it hooded?: Hooded cap
Thickness:Ordinary
Suitable season: Four seasons
Main fabric composition: Polyester fibers (polyester)
Applicable scenario: Any scene
Pattern: as picture
Style details:Printing
Edition type: Loose type
Colour:Multicolor
Size: S,M,L,XL,XXL,XXXL,XXXXL
Tips: Please understand the error of 1-3cm due to manual measurement. Please purchase according to the product description picture and text. Wish you a happy shopping",New,,,4XL,Yellow,1000,1,,1,,1,,0.0,China,5,,,,,,17,1Pcs Tan Color Same Size 3D Hoodies,https://images.tophatter.com/78bcb2e126cc7c334eecebbe025c5017/original.jpg,https://images.tophatter.com/f3363d8a32fbe86a68f6fb6f5442cdb7/original.jpg,https://images.tophatter.com/49cda2499867e15edf6e3b379ce93a63/original.jpg,https://images.tophatter.com/9d4b08b7da8c351079fd780fabc5a48f/original.jpg,https://images.tophatter.com/583d7825e09cdb4cd1f9af381f294d51/original.jpg,https://images.tophatter.com/764ca4cac6bcf07b7aa57c845e8f5774/original.jpg,,
175290464,175290464-4XL-Black,|,2020 Hot Newest Men Women 3D Print Funny Cartoon Scooby Doo Casual T Hoodie S-5XL,"100% quality product
Neckline shape: Round collar
Sleeve length: Long sleeves
Is it hooded?: Hooded cap
Thickness:Ordinary
Suitable season: Four seasons
Main fabric composition: Polyester fibers (polyester)
Applicable scenario: Any scene
Pattern: as picture
Style details:Printing
Edition type: Loose type
Colour:Multicolor
Size: S,M,L,XL,XXL,XXXL,XXXXL
Tips: Please understand the error of 1-3cm due to manual measurement. Please purchase according to the product description picture and text. Wish you a happy shopping",New,,,4XL,Black,1000,1,,1,,1,,0.0,China,5,,,,,,17,1Pcs Tan Color Same Size 3D Hoodies,https://images.tophatter.com/78bcb2e126cc7c334eecebbe025c5017/original.jpg,https://images.tophatter.com/f3363d8a32fbe86a68f6fb6f5442cdb7/original.jpg,https://images.tophatter.com/49cda2499867e15edf6e3b379ce93a63/original.jpg,https://images.tophatter.com/9d4b08b7da8c351079fd780fabc5a48f/original.jpg,https://images.tophatter.com/583d7825e09cdb4cd1f9af381f294d51/original.jpg,https://images.tophatter.com/764ca4cac6bcf07b7aa57c845e8f5774/original.jpg,,
175290464,175290464-4XL-Brown,|,2020 Hot Newest Men Women 3D Print Funny Cartoon Scooby Doo Casual T Hoodie S-5XL,"100% quality product
Neckline shape: Round collar
Sleeve length: Long sleeves
Is it hooded?: Hooded cap
Thickness:Ordinary
Suitable season: Four seasons
Main fabric composition: Polyester fibers (polyester)
Applicable scenario: Any scene
Pattern: as picture
Style details:Printing
Edition type: Loose type
Colour:Multicolor
Size: S,M,L,XL,XXL,XXXL,XXXXL
Tips: Please understand the error of 1-3cm due to manual measurement. Please purchase according to the product description picture and text. Wish you a happy shopping",New,,,4XL,Brown,1000,1,,1,,1,,0.0,China,5,,,,,,17,1Pcs Tan Color Same Size 3D Hoodies,https://images.tophatter.com/78bcb2e126cc7c334eecebbe025c5017/original.jpg,https://images.tophatter.com/f3363d8a32fbe86a68f6fb6f5442cdb7/original.jpg,https://images.tophatter.com/49cda2499867e15edf6e3b379ce93a63/original.jpg,https://images.tophatter.com/9d4b08b7da8c351079fd780fabc5a48f/original.jpg,https://images.tophatter.com/583d7825e09cdb4cd1f9af381f294d51/original.jpg,https://images.tophatter.com/764ca4cac6bcf07b7aa57c845e8f5774/original.jpg,,
175290464,175290464-4XL-Tan,|,2020 Hot Newest Men Women 3D Print Funny Cartoon Scooby Doo Casual T Hoodie S-5XL,"100% quality product
Neckline shape: Round collar
Sleeve length: Long sleeves
Is it hooded?: Hooded cap
Thickness:Ordinary
Suitable season: Four seasons
Main fabric composition: Polyester fibers (polyester)
Applicable scenario: Any scene
Pattern: as picture
Style details:Printing
Edition type: Loose type
Colour:Multicolor
Size: S,M,L,XL,XXL,XXXL,XXXXL
Tips: Please understand the error of 1-3cm due to manual measurement. Please purchase according to the product description picture and text. Wish you a happy shopping",New,,,4XL,Tan,1000,1,,1,,1,,0.0,China,5,,,,,,17,1Pcs Tan Color Same Size 3D Hoodies,https://images.tophatter.com/78bcb2e126cc7c334eecebbe025c5017/original.jpg,https://images.tophatter.com/f3363d8a32fbe86a68f6fb6f5442cdb7/original.jpg,https://images.tophatter.com/49cda2499867e15edf6e3b379ce93a63/original.jpg,https://images.tophatter.com/9d4b08b7da8c351079fd780fabc5a48f/original.jpg,https://images.tophatter.com/583d7825e09cdb4cd1f9af381f294d51/original.jpg,https://images.tophatter.com/764ca4cac6bcf07b7aa57c845e8f5774/original.jpg,,
175290464,175290464-5XL-Red,|,2020 Hot Newest Men Women 3D Print Funny Cartoon Scooby Doo Casual T Hoodie S-5XL,"100% quality product
Neckline shape: Round collar
Sleeve length: Long sleeves
Is it hooded?: Hooded cap
Thickness:Ordinary
Suitable season: Four seasons
Main fabric composition: Polyester fibers (polyester)
Applicable scenario: Any scene
Pattern: as picture
Style details:Printing
Edition type: Loose type
Colour:Multicolor
Size: S,M,L,XL,XXL,XXXL,XXXXL
Tips: Please understand the error of 1-3cm due to manual measurement. Please purchase according to the product description picture and text. Wish you a happy shopping",New,,,5XL,Red,1000,1,,1,,1,,0.0,China,5,,,,,,17,1Pcs Tan Color Same Size 3D Hoodies,https://images.tophatter.com/78bcb2e126cc7c334eecebbe025c5017/original.jpg,https://images.tophatter.com/f3363d8a32fbe86a68f6fb6f5442cdb7/original.jpg,https://images.tophatter.com/49cda2499867e15edf6e3b379ce93a63/original.jpg,https://images.tophatter.com/9d4b08b7da8c351079fd780fabc5a48f/original.jpg,https://images.tophatter.com/583d7825e09cdb4cd1f9af381f294d51/original.jpg,https://images.tophatter.com/764ca4cac6bcf07b7aa57c845e8f5774/original.jpg,,
175290464,175290464-5XL-Orange,|,2020 Hot Newest Men Women 3D Print Funny Cartoon Scooby Doo Casual T Hoodie S-5XL,"100% quality product
Neckline shape: Round collar
Sleeve length: Long sleeves
Is it hooded?: Hooded cap
Thickness:Ordinary
Suitable season: Four seasons
Main fabric composition: Polyester fibers (polyester)
Applicable scenario: Any scene
Pattern: as picture
Style details:Printing
Edition type: Loose type
Colour:Multicolor
Size: S,M,L,XL,XXL,XXXL,XXXXL
Tips: Please understand the error of 1-3cm due to manual measurement. Please purchase according to the product description picture and text. Wish you a happy shopping",New,,,5XL,Orange,1000,1,,1,,1,,0.0,China,5,,,,,,17,1Pcs Tan Color Same Size 3D Hoodies,https://images.tophatter.com/78bcb2e126cc7c334eecebbe025c5017/original.jpg,https://images.tophatter.com/f3363d8a32fbe86a68f6fb6f5442cdb7/original.jpg,https://images.tophatter.com/49cda2499867e15edf6e3b379ce93a63/original.jpg,https://images.tophatter.com/9d4b08b7da8c351079fd780fabc5a48f/original.jpg,https://images.tophatter.com/583d7825e09cdb4cd1f9af381f294d51/original.jpg,https://images.tophatter.com/764ca4cac6bcf07b7aa57c845e8f5774/original.jpg,,
175290464,175290464-5XL-Yellow,|,2020 Hot Newest Men Women 3D Print Funny Cartoon Scooby Doo Casual T Hoodie S-5XL,"100% quality product
Neckline shape: Round collar
Sleeve length: Long sleeves
Is it hooded?: Hooded cap
Thickness:Ordinary
Suitable season: Four seasons
Main fabric composition: Polyester fibers (polyester)
Applicable scenario: Any scene
Pattern: as picture
Style details:Printing
Edition type: Loose type
Colour:Multicolor
Size: S,M,L,XL,XXL,XXXL,XXXXL
Tips: Please understand the error of 1-3cm due to manual measurement. Please purchase according to the product description picture and text. Wish you a happy shopping",New,,,5XL,Yellow,1000,1,,1,,1,,0.0,China,5,,,,,,17,1Pcs Tan Color Same Size 3D Hoodies,https://images.tophatter.com/78bcb2e126cc7c334eecebbe025c5017/original.jpg,https://images.tophatter.com/f3363d8a32fbe86a68f6fb6f5442cdb7/original.jpg,https://images.tophatter.com/49cda2499867e15edf6e3b379ce93a63/original.jpg,https://images.tophatter.com/9d4b08b7da8c351079fd780fabc5a48f/original.jpg,https://images.tophatter.com/583d7825e09cdb4cd1f9af381f294d51/original.jpg,https://images.tophatter.com/764ca4cac6bcf07b7aa57c845e8f5774/original.jpg,,
175290464,175290464-5XL-Black,|,2020 Hot Newest Men Women 3D Print Funny Cartoon Scooby Doo Casual T Hoodie S-5XL,"100% quality product
Neckline shape: Round collar
Sleeve length: Long sleeves
Is it hooded?: Hooded cap
Thickness:Ordinary
Suitable season: Four seasons
Main fabric composition: Polyester fibers (polyester)
Applicable scenario: Any scene
Pattern: as picture
Style details:Printing
Edition type: Loose type
Colour:Multicolor
Size: S,M,L,XL,XXL,XXXL,XXXXL
Tips: Please understand the error of 1-3cm due to manual measurement. Please purchase according to the product description picture and text. Wish you a happy shopping",New,,,5XL,Black,1000,1,,1,,1,,0.0,China,5,,,,,,17,1Pcs Tan Color Same Size 3D Hoodies,https://images.tophatter.com/78bcb2e126cc7c334eecebbe025c5017/original.jpg,https://images.tophatter.com/f3363d8a32fbe86a68f6fb6f5442cdb7/original.jpg,https://images.tophatter.com/49cda2499867e15edf6e3b379ce93a63/original.jpg,https://images.tophatter.com/9d4b08b7da8c351079fd780fabc5a48f/original.jpg,https://images.tophatter.com/583d7825e09cdb4cd1f9af381f294d51/original.jpg,https://images.tophatter.com/764ca4cac6bcf07b7aa57c845e8f5774/original.jpg,,
175290464,175290464-5XL-Brown,|,2020 Hot Newest Men Women 3D Print Funny Cartoon Scooby Doo Casual T Hoodie S-5XL,"100% quality product
Neckline shape: Round collar
Sleeve length: Long sleeves
Is it hooded?: Hooded cap
Thickness:Ordinary
Suitable season: Four seasons
Main fabric composition: Polyester fibers (polyester)
Applicable scenario: Any scene
Pattern: as picture
Style details:Printing
Edition type: Loose type
Colour:Multicolor
Size: S,M,L,XL,XXL,XXXL,XXXXL
Tips: Please understand the error of 1-3cm due to manual measurement. Please purchase according to the product description picture and text. Wish you a happy shopping",New,,,5XL,Brown,1000,1,,1,,1,,0.0,China,5,,,,,,17,1Pcs Tan Color Same Size 3D Hoodies,https://images.tophatter.com/78bcb2e126cc7c334eecebbe025c5017/original.jpg,https://images.tophatter.com/f3363d8a32fbe86a68f6fb6f5442cdb7/original.jpg,https://images.tophatter.com/49cda2499867e15edf6e3b379ce93a63/original.jpg,https://images.tophatter.com/9d4b08b7da8c351079fd780fabc5a48f/original.jpg,https://images.tophatter.com/583d7825e09cdb4cd1f9af381f294d51/original.jpg,https://images.tophatter.com/764ca4cac6bcf07b7aa57c845e8f5774/original.jpg,,
175290464,175290464-5XL-Tan,|,2020 Hot Newest Men Women 3D Print Funny Cartoon Scooby Doo Casual T Hoodie S-5XL,"100% quality product
Neckline shape: Round collar
Sleeve length: Long sleeves
Is it hooded?: Hooded cap
Thickness:Ordinary
Suitable season: Four seasons
Main fabric composition: Polyester fibers (polyester)
Applicable scenario: Any scene
Pattern: as picture
Style details:Printing
Edition type: Loose type
Colour:Multicolor
Size: S,M,L,XL,XXL,XXXL,XXXXL
Tips: Please understand the error of 1-3cm due to manual measurement. Please purchase according to the product description picture and text. Wish you a happy shopping",New,,,5XL,Tan,1000,1,,1,,1,,0.0,China,5,,,,,,17,1Pcs Tan Color Same Size 3D Hoodies,https://images.tophatter.com/78bcb2e126cc7c334eecebbe025c5017/original.jpg,https://images.tophatter.com/f3363d8a32fbe86a68f6fb6f5442cdb7/original.jpg,https://images.tophatter.com/49cda2499867e15edf6e3b379ce93a63/original.jpg,https://images.tophatter.com/9d4b08b7da8c351079fd780fabc5a48f/original.jpg,https://images.tophatter.com/583d7825e09cdb4cd1f9af381f294d51/original.jpg,https://images.tophatter.com/764ca4cac6bcf07b7aa57c845e8f5774/original.jpg,,
